{
  "id": "6220bfba-1e15-4031-9323-147ec9e63195",
  "total_expenses": 74597.0,
  "daily_rate": 10656.714285714286,
  "monthly_projection": 319701.4285714286,
  "days_analyzed": 7,
  "category_breakdown": {
    "SHOPPING": 66097.0,
    "UTILITIES": 8500.0
  },
  "budget_status": "OVER_BUDGET",
  "income": 15000.0,
  "remaining_budget": 0,
  "usage_percentage": 2131.342857142857,
  "trends": [
    "🛍️ SHOPPING harcamaları yüksek (66097 TL, %88.6)"
  ],
  "created_at": "2026-02-11T18:14:58.062652"
}