{
  "id": "b0b69fac-722c-4893-a698-25b73be54589",
  "total_expenses": 974.99,
  "daily_rate": 139.28428571428572,
  "monthly_projection": 4178.528571428571,
  "days_analyzed": 7,
  "category_breakdown": {
    "FOOD": 280.0,
    "EDUCATION": 450.0,
    "ENTERTAINMENT": 149.99,
    "TRANSPORT": 95.0
  },
  "budget_status": "HEALTHY",
  "income": 15000.0,
  "remaining_budget": 10821.471428571429,
  "usage_percentage": 27.856857142857137,
  "trends": [
    "📚 EDUCATION harcamaları yüksek (450 TL, %46.2)"
  ],
  "created_at": "2026-02-11T18:06:17.442051"
}