{
  "id": "1cb4df86-242a-416f-85a2-2cfe551f6ce3",
  "total_expenses": 13439.0,
  "daily_rate": 1919.857142857143,
  "monthly_projection": 57595.71428571429,
  "days_analyzed": 7,
  "category_breakdown": {
    "HOUSING": 8500.0,
    "UTILITIES": 2049.0,
    "FOOD": 2130.0,
    "OTHER": 340.0,
    "HEALTH": 420.0
  },
  "budget_status": "OVER_BUDGET",
  "income": 15000.0,
  "remaining_budget": 0,
  "usage_percentage": 383.9714285714286,
  "trends": [
    "🏠 HOUSING harcamaları yüksek (8500 TL, %63.2)"
  ],
  "created_at": "2026-02-13T22:16:20.762567"
}