{
  "id": "5fb093fb-e5cd-4b6a-be0d-9ad681d2c6d0",
  "total_expenses": 25870.0,
  "daily_rate": 3695.714285714286,
  "monthly_projection": 110871.42857142858,
  "days_analyzed": 7,
  "category_breakdown": {
    "HOUSING": 16600.0,
    "TRANSPORT": 5330.0,
    "FOOD": 3050.0,
    "SHOPPING": 890.0
  },
  "budget_status": "OVER_BUDGET",
  "income": 15000.0,
  "remaining_budget": 0,
  "usage_percentage": 739.1428571428572,
  "trends": [
    "🏠 HOUSING harcamaları yüksek (16600 TL, %64.2)"
  ],
  "created_at": "2026-02-11T18:25:20.631826"
}